students,function,samples,average_gas,average_confirmation_ms
1,deployment,1,834715.0,10.373
1,register,1,67944.0,9.079
1,updateIdentity,1,30551.0,8.58
1,publishData,1,48486.0,7.74
1,requestAccess_denied,1,32355.0,7.508
1,grantConsent,1,98336.0,9.982
1,requestAccess_allowed,10,32377.0,8.869
1,revokeConsent,1,31932.0,8.703
1,grantConsent_repeat,1,37088.0,8.186
5,deployment,1,834715.0,8.711
5,register,5,67944.0,8.184
5,updateIdentity,5,30551.0,7.89
5,publishData,5,48483.6,8.15
5,requestAccess_denied,5,32352.6,8.062
5,grantConsent,5,98336.0,8.33
5,requestAccess_allowed,50,32374.6,8.047
5,revokeConsent,5,31932.0,8.486
5,grantConsent_repeat,5,37088.0,8.216
10,deployment,1,834715.0,7.988
10,register,10,67941.6,8.085
10,updateIdentity,10,30551.0,7.721
10,publishData,10,48484.8,7.777
10,requestAccess_denied,10,32352.6,8.056
10,grantConsent,10,98336.0,8.091
10,requestAccess_allowed,100,32374.6,7.982
10,revokeConsent,10,31932.0,7.915
10,grantConsent_repeat,10,37088.0,8.247
