operation,samples,average_gas,min_gas,max_gas,average_confirmation_ms,average_event_decode_ms
deploy_ConsentManager,9,1621052,1621052,1621052,12.874722260878318,0.0
deploy_ConsentReward,9,581245,581245,581245,12.353855573261777,0.0
deploy_HealthRegistry,9,908160,908160,908160,13.46100001440694,0.0
grant_renewal,225,232758,232758,232758,12.789014224997825,0.0
grant_rewarded,225,294653,294653,294653,12.889692889423007,0.37690222004635465
register_doctor,18,68907,68907,68907,12.2425833510028,0.0
register_patient,225,68905.72,68895,68907,11.775686225026018,0.0
register_record,225,100315.72,100305,100317,12.758199996832344,0.358525775372982
request_allowed,225,70509,70509,70509,12.36968444349865,0.41730444464418626
request_denied_no_consent,225,70109,70109,70109,12.481931995910903,0.42130089468426174
request_denied_revoked,225,70476,70476,70476,12.483449782141381,0.41699555702507496
revoke,225,75691,75691,75691,13.72324354791393,0.36328888601726955
set_manager,9,47892,47892,47892,12.498188854402137,0.0
verify_doctor,18,28859,28853,28865,11.927883360638386,0.0
verify_patient,225,28864.36,28841,28865,11.706616886787945,0.0
